id,age,gender,income,spending_score,membership_years,purchase_frequency,preferred_category,last_purchase_amount
1.0,38.0,Female,99342.0,90.0,3.0,24.0,Groceries,113.53
2.0,21.0,Female,78852.0,60.0,2.0,42.0,,41.93
3.0,60.0,Female,126573.0,30.0,2.0,28.0,Clothing,424.36
4.0,40.0,Other,47099.0,74.0,9.0,5.0,,991.93
5.0,65.0,Female,140621.0,21.0,3.0,25.0,Electronics,347.08
6.0,31.0,Other,57305.0,24.0,3.0,30.0,Home & Garden,86.85
7.0,19.0,Other,54319.0,68.0,5.0,43.0,Clothing,191.72
8.0,43.0,Male,108115.0,94.0,9.0,27.0,Groceries,734.56
9.0,53.0,Male,,29.0,6.0,7.0,Sports,951.71
10.0,55.0,Female,45839.0,55.0,7.0,2.0,Electronics,821.18
11.0,23.0,Other,69659.0,16.0,7.0,24.0,,434.97
,68.0,Other,30058.0,91.0,1.0,49.0,Groceries,889.94
13.0,29.0,Female,87461.0,81.0,3.0,27.0,Home & Garden,101.07
14.0,64.0,Other,33018.0,46.0,4.0,3.0,Sports,221.35
,33.0,Male,112260.0,17.0,5.0,8.0,Home & Garden,915.89
16.0,53.0,Male,129284.0,17.0,6.0,26.0,Clothing,225.4
17.0,57.0,Male,102535.0,29.0,5.0,13.0,Clothing,378.47
18.0,22.0,Male,41849.0,22.0,1.0,31.0,Sports,844.08
19.0,37.0,Male,95491.0,,6.0,21.0,Home & Garden,454.83
20.0,31.0,,97103.0,70.0,3.0,17.0,Groceries,
21.0,19.0,Female,82519.0,13.0,4.0,4.0,Home & Garden,742.39
22.0,22.0,Male,49077.0,74.0,10.0,47.0,Home & Garden,799.31
23.0,36.0,Other,85473.0,68.0,1.0,,Sports,806.55
24.0,41.0,Other,81758.0,87.0,7.0,9.0,,482.2
25.0,69.0,Female,36140.0,78.0,5.0,39.0,Sports,508.86
26.0,33.0,Other,141757.0,60.0,10.0,39.0,Groceries,
27.0,54.0,Male,35394.0,10.0,9.0,4.0,Groceries,124.29
28.0,30.0,Female,50680.0,19.0,7.0,27.0,Sports,515.88
29.0,18.0,Female,70721.0,78.0,7.0,1.0,Home & Garden,191.9
30.0,,Male,104106.0,30.0,4.0,20.0,Electronics,950.56
31.0,36.0,Other,76756.0,16.0,8.0,27.0,Clothing,970.06
32.0,60.0,Female,45733.0,,2.0,18.0,Electronics,197.29
33.0,29.0,Male,71951.0,2.0,6.0,47.0,Electronics,91.94
34.0,44.0,Other,86593.0,89.0,4.0,37.0,Groceries,76.95
35.0,45.0,Other,,54.0,10.0,48.0,Sports,639.22
36.0,30.0,Female,73464.0,37.0,1.0,6.0,Clothing,532.51
37.0,47.0,male,108074.0,78.0,4.0,38.0,Electronics,128.2
38.0,48.0,Other,81794.0,89.0,7.0,50.0,Electronics,967.99
39.0,,Female,75392.0,43.0,4.0,29.0,Sports,88.44
,22.0,Male,107057.0,14.0,5.0,41.0,Home & Garden,98.86
41.0,23.0,Male,70723.0,31.0,1.0,48.0,Home & Garden,713.33
42.0,52.0,Male,115529.0,70.0,2.0,34.0,Clothing,192.66
43.0,35.0,Male,72179.0,6.0,6.0,45.0,Home & Garden,165.18
44.0,28.0,Other,62405.0,79.0,5.0,50.0,,956.73
45.0,50.0,,42404.0,45.0,4.0,31.0,Home & Garden,753.6
46.0,49.0,Other,94531.0,,,42.0,Clothing,214.93
47.0,56.0,Male,,40.0,6.0,8.0,Electronics,355.34
48.0,48.0,Male,76317.0,94.0,9.0,3.0,Electronics,189.28
49.0,19.0,Other,85309.0,65.0,5.0,10.0,Sports,28.55
50.0,68.0,,146519.0,96.0,2.0,18.0,Groceries,673.79
51.0,61.0,Female,61290.0,83.0,9.0,35.0,Clothing,110.32
52.0,24.0,Female,96082.0,83.0,4.0,36.0,Sports,589.35
53.0,45.0,Other,134241.0,73.0,9.0,16.0,Groceries,893.44
54.0,33.0,Female,45136.0,84.0,9.0,38.0,Home & Garden,332.34
55.0,56.0,Female,85476.0,55.0,2.0,41.0,Sports,774.5
56.0,42.0,Other,73466.0,50.0,4.0,13.0,Sports,903.07
57.0,63.0,Other,,7.0,9.0,20.0,Electronics,195.34
58.0,49.0,Female,112198.0,48.0,5.0,24.0,Sports,843.87
,43.0,,81595.0,12.0,7.0,1.0,Electronics,
60.0,21.0,Female,139387.0,1.0,5.0,7.0,Clothing,399.58
,23.0,Male,69133.0,14.0,,7.0,Groceries,224.86
62.0,30.0,Other,89149.0,87.0,10.0,36.0,Clothing,174.41
63.0,49.0,Female,79992.0,49.0,8.0,6.0,Sports,636.65
64.0,50.0,Female,85111.0,,1.0,19.0,Electronics,319.05
65.0,27.0,Other,90557.0,36.0,2.0,2.0,Sports,494.55
66.0,,Male,100270.0,69.0,3.0,29.0,Home & Garden,686.05
67.0,36.0,Female,127346.0,75.0,5.0,7.0,Electronics,335.98
68.0,43.0,Female,87807.0,52.0,9.0,41.0,Clothing,95.08
69.0,32.0,Male,135861.0,88.0,5.0,16.0,Electronics,103.33
70.0,49.0,Other,40936.0,32.0,9.0,49.0,Sports,495.62
71.0,23.0,Female,66376.0,60.0,1.0,18.0,Electronics,77.73
72.0,58.0,Other,56120.0,30.0,3.0,50.0,Groceries,880.23
73.0,31.0,Female,112452.0,21.0,1.0,5.0,Groceries,552.21
74.0,38.0,Female,102944.0,63.0,8.0,9.0,Home & Garden,92.69
75.0,58.0,Other,143037.0,56.0,8.0,42.0,Groceries,57.57
76.0,60.0,Female,131101.0,68.0,8.0,28.0,,522.95
77.0,49.0,Male,30708.0,4.0,1.0,36.0,,990.0
78.0,32.0,Other,44048.0,,7.0,10.0,Clothing,41.55
79.0,30.0,Other,95501.0,27.0,3.0,14.0,Groceries,476.25
80.0,68.0,Other,45092.0,54.0,4.0,40.0,Electronics,738.6
81.0,65.0,,117157.0,90.0,9.0,39.0,Electronics,812.36
82.0,36.0,Female,148542.0,60.0,1.0,17.0,Groceries,15.66
83.0,36.0,,99427.0,,8.0,15.0,Sports,265.04
84.0,56.0,Male,58971.0,77.0,9.0,35.0,Electronics,13.16
85.0,,Male,101100.0,43.0,3.0,14.0,Clothing,392.36
86.0,31.0,Other,61849.0,24.0,6.0,31.0,Home & Garden,120.8
87.0,59.0,Male,47990.0,3.0,10.0,48.0,Home & Garden,755.92
88.0,31.0,Male,55100.0,20.0,7.0,31.0,Sports,59.84
89.0,18.0,Other,105470.0,8.0,7.0,4.0,Clothing,
90.0,45.0,Other,63381.0,80.0,4.0,8.0,Home & Garden,754.24
91.0,32.0,Other,92089.0,16.0,1.0,47.0,Home & Garden,209.86
92.0,39.0,,104031.0,67.0,6.0,28.0,Home & Garden,930.36
93.0,65.0,Male,62792.0,83.0,8.0,11.0,Electronics,230.58
,46.0,Other,113116.0,7.0,10.0,13.0,Clothing,190.55
95.0,30.0,Other,75926.0,97.0,10.0,,Sports,670.87
96.0,23.0,Male,108480.0,46.0,10.0,21.0,Clothing,377.31
97.0,63.0,Other,102834.0,31.0,7.0,20.0,Electronics,582.57
98.0,49.0,Male,46695.0,99.0,9.0,26.0,Clothing,674.7
99.0,21.0,Other,105024.0,45.0,3.0,32.0,Sports,795.84
100.0,26.0,Female,59496.0,58.0,2.0,50.0,Clothing,23.33
101.0,40.0,Female,115569.0,1.0,2.0,5.0,Groceries,241.91
102.0,18.0,Male,49346.0,70.0,7.0,38.0,Groceries,127.14
103.0,19.0,Male,75430.0,50.0,7.0,32.0,Clothing,532.51
,60.0,Female,142407.0,,2.0,1.0,Sports,29.58
105.0,20.0,Other,34982.0,7.0,2.0,45.0,Clothing,597.15
106.0,55.0,Female,147187.0,37.0,7.0,27.0,Electronics,941.67
107.0,19.0,Other,37993.0,59.0,6.0,30.0,Sports,873.8
108.0,65.0,Male,81753.0,72.0,9.0,21.0,Home & Garden,633.63
109.0,57.0,Female,81695.0,90.0,8.0,44.0,Electronics,179.8
110.0,56.0,Female,40676.0,86.0,7.0,38.0,Home & Garden,627.65
,37.0,Male,111242.0,33.0,5.0,34.0,Sports,756.32
112.0,64.0,,87006.0,85.0,,20.0,Clothing,
113.0,58.0,Male,82856.0,33.0,7.0,,Groceries,450.72
114.0,32.0,Male,35514.0,4.0,5.0,36.0,Sports,415.44
115.0,64.0,Male,87595.0,11.0,5.0,21.0,Electronics,69.78
116.0,59.0,Male,125014.0,89.0,7.0,42.0,Home & Garden,451.82
,62.0,Male,128322.0,44.0,4.0,31.0,,668.91
118.0,62.0,Male,48693.0,36.0,9.0,44.0,Home & Garden,755.67
,,Male,113154.0,75.0,8.0,46.0,Groceries,
120.0,68.0,Female,78309.0,12.0,2.0,49.0,Clothing,848.14
121.0,47.0,Female,112072.0,50.0,5.0,,Groceries,884.19
122.0,43.0,Male,42855.0,66.0,6.0,23.0,,138.51
123.0,26.0,Other,55515.0,29.0,9.0,37.0,Sports,50.57
124.0,30.0,Male,51454.0,94.0,8.0,17.0,Home & Garden,553.35
125.0,,Other,69362.0,58.0,1.0,23.0,Clothing,960.08
126.0,26.0,Female,69795.0,60.0,,29.0,Electronics,389.37
127.0,58.0,Male,32860.0,90.0,5.0,18.0,Sports,405.05
128.0,40.0,Other,81037.0,70.0,10.0,45.0,,370.75
129.0,67.0,Other,40385.0,64.0,1.0,17.0,Sports,957.06
130.0,61.0,Female,131607.0,,7.0,26.0,Clothing,714.15
131.0,51.0,Male,42337.0,70.0,9.0,28.0,Sports,914.97
132.0,67.0,Female,116124.0,78.0,10.0,28.0,Home & Garden,11.29
133.0,25.0,Other,94016.0,85.0,8.0,49.0,Groceries,764.28
134.0,,Male,62131.0,91.0,6.0,18.0,Sports,70.56
135.0,29.0,Female,100290.0,,8.0,29.0,Clothing,480.87
136.0,31.0,Male,145261.0,25.0,10.0,37.0,Sports,378.4
137.0,48.0,Male,81763.0,49.0,6.0,46.0,Sports,179.25
138.0,,Female,120561.0,66.0,2.0,21.0,Clothing,798.2
139.0,18.0,Female,99638.0,33.0,8.0,23.0,Groceries,316.27
140.0,18.0,Female,78097.0,840.0,3.0,26.0,Clothing,453.34
141.0,23.0,Other,67237.0,85.0,9.0,40.0,Electronics,673.02
142.0,37.0,,61695.0,13.0,5.0,45.0,Home & Garden,18.49
143.0,55.0,Other,101084.0,,9.0,24.0,Groceries,624.81
144.0,41.0,Female,82613.0,49.0,3.0,10.0,,421.24
145.0,44.0,Other,122987.0,29.0,10.0,25.0,Electronics,898.68
146.0,58.0,Other,90389.0,17.0,5.0,12.0,Electronics,855.21
147.0,69.0,Male,90929.0,2.0,10.0,29.0,,
148.0,47.0,Female,104517.0,91.0,,6.0,Home & Garden,979.41
149.0,34.0,Other,79949.0,89.0,3.0,19.0,Groceries,273.34
150.0,54.0,Male,100745.0,29.0,6.0,42.0,Clothing,335.15
151.0,55.0,Other,138064.0,86.0,5.0,22.0,Electronics,368.75
152.0,45.0,Female,79721.0,20.0,1.0,1.0,Home & Garden,215.41
153.0,43.0,Male,33030.0,61.0,,40.0,Groceries,711.04
154.0,30.0,Other,78653.0,,4.0,2.0,Electronics,933.73
155.0,53.0,Other,146312.0,58.0,2.0,32.0,Electronics,880.78
156.0,24.0,Female,103766.0,77.0,4.0,25.0,Home & Garden,663.21
157.0,69.0,Female,,59.0,2.0,37.0,Clothing,762.41
158.0,61.0,Other,46738.0,36.0,3.0,26.0,,393.6
159.0,58.0,Other,107818.0,70.0,5.0,24.0,Home & Garden,722.18
160.0,36.0,Other,83511.0,28.0,5.0,49.0,Home & Garden,367.97
161.0,69.0,Female,117782.0,18.0,1.0,15.0,Sports,762.55
162.0,64.0,Other,122472.0,75.0,1.0,17.0,Sports,771.33
163.0,45.0,Male,76259.0,72.0,5.0,41.0,Sports,228.88
164.0,60.0,Other,,37.0,8.0,42.0,Sports,520.37
165.0,64.0,Other,96494.0,10.0,4.0,,Home & Garden,184.45
166.0,41.0,Female,48155.0,19.0,10.0,36.0,Groceries,566.65
167.0,,Other,46707.0,,10.0,16.0,Clothing,18.6
168.0,36.0,Other,872750.0,82.0,9.0,2.0,,14.52
169.0,51.0,Female,58930.0,95.0,5.0,33.0,Sports,115.09
170.0,37.0,Male,33987.0,60.0,8.0,39.0,Groceries,975.1
171.0,21.0,Male,140801.0,13.0,3.0,43.0,Home & Garden,82.88
172.0,19.0,Male,98446.0,25.0,4.0,34.0,Groceries,696.59
173.0,56.0,Female,111754.0,96.0,8.0,38.0,Home & Garden,631.06
174.0,47.0,Other,66932.0,89.0,,9.0,Home & Garden,861.66
175.0,33.0,Female,81766.0,86.0,1.0,16.0,Sports,
,34.0,Male,79572.0,62.0,2.0,24.0,Sports,843.15
177.0,65.0,Other,,30.0,2.0,35.0,Electronics,218.74
178.0,67.0,Female,130300.0,75.0,5.0,27.0,Electronics,94.32
179.0,45.0,Female,102050.0,57.0,8.0,39.0,Groceries,263.93
180.0,48.0,Male,121325.0,30.0,3.0,35.0,Home & Garden,624.36
181.0,49.0,Male,76202.0,83.0,3.0,6.0,Groceries,208.79
182.0,40.0,Male,,,6.0,25.0,Electronics,625.28
183.0,43.0,Female,32512.0,95.0,4.0,49.0,Home & Garden,223.39
184.0,27.0,Male,63313.0,8.0,10.0,42.0,Groceries,35.01
185.0,41.0,Female,104337.0,91.0,6.0,27.0,Home & Garden,401.63
186.0,40.0,Other,124138.0,84.0,10.0,41.0,Groceries,426.62
187.0,35.0,Male,137307.0,,6.0,24.0,Electronics,111.27
,55.0,Male,77060.0,14.0,2.0,16.0,Sports,286.79
189.0,45.0,Male,108335.0,62.0,1.0,35.0,Elec,940.93
190.0,41.0,,59408.0,68.0,1.0,16.0,Electronics,504.16
191.0,35.0,,100208.0,80.0,2.0,27.0,Electronics,23.73
192.0,63.0,Other,109506.0,48.0,10.0,50.0,Electronics,26.85
193.0,69.0,Female,39509.0,10.0,,27.0,Groceries,377.66
194.0,69.0,Male,74519.0,95.0,10.0,42.0,Clothing,931.51
195.0,,Other,31806.0,79.0,8.0,13.0,Electronics,261.07
196.0,48.0,Male,108550.0,5.0,6.0,35.0,Home & Garden,410.05
197.0,34.0,Female,56125.0,66.0,10.0,26.0,Home & Garden,610.66
198.0,39.0,Male,116566.0,76.0,9.0,21.0,Groceries,32.38
199.0,45.0,Female,82014.0,30.0,10.0,15.0,Groceries,81.91
200.0,63.0,Female,113240.0,47.0,9.0,22.0,Clothing,279.96
201.0,45.0,Male,111788.0,,9.0,49.0,,628.43
202.0,25.0,Male,30570.0,16.0,8.0,44.0,Sports,
203.0,66.0,Other,106631.0,41.0,6.0,9.0,Home & Garden,354.46
204.0,49.0,Male,100258.0,53.0,6.0,27.0,Home & Garden,436.43
205.0,27.0,Male,132541.0,78.0,8.0,42.0,Electronics,825.01
206.0,34.0,Male,97962.0,18.0,3.0,19.0,Elec,947.73
207.0,58.0,Male,48714.0,75.0,10.0,40.0,Sports,324.91
208.0,59.0,Female,70050.0,62.0,3.0,10.0,Clothing,49.53
209.0,60.0,Female,124416.0,,5.0,39.0,Home & Garden,544.04
210.0,47.0,Other,93783.0,24.0,10.0,3.0,Electronics,406.56
211.0,40.0,Female,83445.0,89.0,7.0,11.0,Clothing,
212.0,18.0,Other,54421.0,20.0,1.0,41.0,Home & Garden,215.95
213.0,47.0,Female,121498.0,29.0,9.0,28.0,Sports,706.37
214.0,33.0,Male,84883.0,43.0,2.0,,Home & Garden,956.03
215.0,69.0,Other,127086.0,,4.0,45.0,Electronics,339.9
216.0,,Other,133538.0,27.0,5.0,46.0,Electronics,761.08
217.0,46.0,,,19.0,2.0,45.0,Sports,635.93
218.0,55.0,Female,147024.0,24.0,9.0,16.0,Electronics,169.79
219.0,57.0,Male,33009.0,82.0,9.0,24.0,Clothing,563.64
220.0,69.0,Male,,90.0,7.0,29.0,Electronics,559.73
221.0,62.0,Male,82623.0,51.0,8.0,37.0,Clothing,155.14
222.0,67.0,Other,,3.0,2.0,26.0,Clothing,868.18
223.0,53.0,Female,146546.0,12.0,6.0,45.0,Sports,915.02
224.0,51.0,Female,33665.0,12.0,2.0,,,139.07
225.0,54.0,Female,92156.0,,7.0,14.0,Electronics,238.87
226.0,19.0,Female,51355.0,48.0,8.0,28.0,,278.21
227.0,65.0,Male,89274.0,71.0,10.0,34.0,Electronics,840.45
228.0,53.0,Male,57651.0,27.0,7.0,16.0,Home & Garden,
229.0,19.0,Other,,90.0,5.0,35.0,Groceries,515.99
230.0,56.0,Male,31154.0,40.0,4.0,25.0,Electronics,197.54
231.0,24.0,Female,147572.0,,7.0,45.0,Electronics,204.27
232.0,66.0,Male,144573.0,41.0,7.0,24.0,Groceries,66.6
233.0,41.0,Female,88312.0,22.0,6.0,31.0,Groceries,212.53
234.0,29.0,Female,96066.0,45.0,7.0,24.0,Sports,479.36
235.0,19.0,Female,41542.0,,1.0,22.0,Groceries,132.88
236.0,42.0,Other,66495.0,79.0,9.0,31.0,,537.66
237.0,62.0,Other,52480.0,22.0,3.0,14.0,Electronics,821.42
238.0,64.0,Other,148368.0,19.0,4.0,23.0,Groceries,949.32
,64.0,Female,124599.0,41.0,9.0,41.0,Groceries,924.18
240.0,44.0,Female,,,6.0,27.0,Groceries,640.96
241.0,41.0,Female,41748.0,500.0,8.0,5.0,Sports,35.16
242.0,31.0,Female,125501.0,74.0,,18.0,Electronics,947.76
243.0,25.0,Other,,6.0,4.0,30.0,Electronics,923.64
244.0,47.0,Female,108356.0,84.0,6.0,19.0,Home & Garden,911.0
245.0,28.0,,134414.0,19.0,5.0,15.0,Home & Garden,922.01
246.0,44.0,Male,83880.0,31.0,6.0,32.0,Electronics,464.42
247.0,54.0,Other,48896.0,28.0,9.0,25.0,Sports,
248.0,28.0,Other,,57.0,8.0,35.0,Sports,17.97
249.0,54.0,Female,134743.0,98.0,9.0,42.0,Sports,894.21
250.0,47.0,,91491.0,52.0,5.0,10.0,Home & Garden,21.43
251.0,43.0,Male,89688.0,27.0,10.0,30.0,Electronics,223.64
252.0,25.0,Other,105185.0,70.0,2.0,37.0,Groceries,556.23
253.0,49.0,Other,129014.0,25.0,7.0,21.0,Groceries,271.52
254.0,66.0,Other,112847.0,98.0,9.0,44.0,Home & Garden,827.44
255.0,27.0,Other,139589.0,69.0,,22.0,Clothing,150.58
256.0,46.0,Other,38785.0,55.0,9.0,22.0,Clothing,486.25
257.0,26.0,Male,134203.0,19.0,3.0,28.0,Sports,935.64
258.0,37.0,Other,86856.0,74.0,3.0,10.0,Electronics,624.29
259.0,68.0,Male,49725.0,59.0,2.0,35.0,Groceries,12.36
260.0,39.0,Female,56381.0,82.0,6.0,19.0,Sports,759.6
261.0,39.0,Other,117432.0,96.0,7.0,41.0,Sports,25.44
,60.0,Other,45827.0,18.0,2.0,47.0,Electronics,599.66
263.0,64.0,Other,115366.0,68.0,9.0,28.0,Electronics,934.88
264.0,57.0,Female,31451.0,75.0,3.0,8.0,Elec,611.79
265.0,63.0,Male,142287.0,77.0,10.0,44.0,Clothing,785.29
266.0,53.0,Other,84616.0,68.0,10.0,8.0,Home & Garden,543.31
267.0,57.0,Female,114972.0,42.0,9.0,12.0,Home & Garden,
268.0,23.0,Other,,29.0,3.0,41.0,Groceries,484.85
269.0,,Female,,100.0,9.0,48.0,Sports,21.9
270.0,28.0,Female,49020.0,75.0,9.0,49.0,,109.03
271.0,,Male,47458.0,14.0,2.0,10.0,Groceries,874.32
272.0,,Female,104033.0,6.0,5.0,15.0,Clothing,192.31
273.0,47.0,Other,84117.0,74.0,9.0,17.0,Home & Garden,886.08
274.0,60.0,Other,107232.0,68.0,,48.0,Clothing,730.8
,22.0,Other,128623.0,88.0,5.0,20.0,Clothing,
276.0,39.0,Female,39931.0,43.0,,28.0,Groceries,261.36
277.0,53.0,Other,94392.0,38.0,5.0,11.0,,997.24
278.0,63.0,Male,48225.0,24.0,6.0,14.0,Clothing,764.05
279.0,47.0,Other,95656.0,63.0,2.0,30.0,Electronics,634.19
280.0,53.0,Female,61826.0,96.0,1.0,14.0,Clothing,577.0
281.0,61.0,Other,47689.0,46.0,4.0,42.0,Home & Garden,802.44
282.0,34.0,Male,68250.0,9.0,10.0,26.0,Clothing,835.06
283.0,33.0,Male,1131870.0,27.0,9.0,46.0,Electronics,886.3
284.0,43.0,Male,77006.0,27.0,3.0,36.0,Electronics,223.98
285.0,63.0,Female,,200.0,1.0,26.0,Sports,169.58
286.0,51.0,Male,124670.0,66.0,2.0,43.0,Clothing,184.8
287.0,31.0,Male,119460.0,69.0,2.0,22.0,Clothing,486.21
288.0,56.0,Male,117922.0,69.0,2.0,41.0,Home & Garden,98.83
289.0,38.0,Male,84577.0,70.0,7.0,27.0,Sports,631.28
290.0,43.0,Male,64136.0,61.0,1.0,19.0,Electronics,680.92
291.0,45.0,Female,57845.0,32.0,6.0,41.0,Clothing,934.34
292.0,,Other,38250.0,63.0,5.0,22.0,Home & Garden,723.93
293.0,45.0,Other,54819.0,720.0,3.0,47.0,Sports,553.44
294.0,47.0,Other,89077.0,43.0,1.0,35.0,Clothing,547.85
295.0,18.0,Other,135713.0,79.0,7.0,18.0,,871.12
296.0,56.0,Other,129611.0,23.0,3.0,48.0,Sports,98.85
297.0,40.0,Male,97995.0,47.0,4.0,9.0,Sports,101.35
298.0,39.0,Male,132488.0,40.0,5.0,37.0,Sports,82.16
299.0,59.0,Male,36383.0,5.0,6.0,31.0,Groceries,82.77
300.0,55.0,Other,,38.0,2.0,23.0,Groceries,652.26
301.0,52.0,Female,106147.0,2.0,6.0,19.0,Groceries,412.65
302.0,50.0,Other,130668.0,39.0,5.0,25.0,Home & Garden,69.81
303.0,59.0,Female,57745.0,33.0,7.0,42.0,Electronics,492.87
304.0,50.0,Female,78296.0,93.0,9.0,47.0,Electronics,559.16
305.0,32.0,Male,39407.0,50.0,6.0,13.0,Sports,844.22
306.0,48.0,Male,39407.0,82.0,5.0,27.0,Sports,463.07
307.0,26.0,Other,135530.0,81.0,2.0,12.0,Home & Garden,126.35
308.0,54.0,Female,76995.0,14.0,3.0,46.0,Electronics,685.09
309.0,64.0,Female,96182.0,44.0,4.0,8.0,Groceries,509.31
310.0,50.0,Male,100320.0,45.0,7.0,29.0,Sports,139.39
311.0,53.0,Male,138922.0,45.0,5.0,,Electronics,154.06
312.0,30.0,Male,,38.0,8.0,30.0,Sports,684.43
313.0,69.0,Other,35218.0,47.0,4.0,33.0,Electronics,315.49
314.0,44.0,male,141748.0,55.0,2.0,50.0,Groceries,897.57
315.0,68.0,Female,62971.0,27.0,,17.0,Electronics,85.45
316.0,20.0,Female,57260.0,47.0,2.0,49.0,Electronics,506.7
317.0,18.0,Other,923630.0,84.0,1.0,10.0,Electronics,539.74
318.0,23.0,Other,84664.0,45.0,5.0,12.0,Electronics,592.72
319.0,61.0,Other,47790.0,67.0,9.0,5.0,Home & Garden,714.29
320.0,34.0,Male,31668.0,43.0,,40.0,Clothing,117.01
321.0,43.0,Female,78858.0,4.0,3.0,38.0,Sports,261.19
322.0,46.0,Other,126553.0,16.0,2.0,22.0,Home & Garden,85.56
323.0,55.0,,80006.0,44.0,2.0,49.0,Clothing,727.51
324.0,30.0,Male,119162.0,15.0,9.0,,Home & Garden,
325.0,41.0,Other,71410.0,69.0,1.0,32.0,,456.67
326.0,59.0,Other,49020.0,100.0,2.0,42.0,,588.18
327.0,50.0,Male,36022.0,11.0,6.0,49.0,Clothing,801.59
328.0,41.0,Female,64634.0,55.0,9.0,44.0,Groceries,488.07
329.0,68.0,,76921.0,79.0,1.0,23.0,Groceries,122.02
330.0,28.0,Male,,60.0,4.0,42.0,Groceries,68.31
331.0,30.0,Male,90651.0,88.0,9.0,37.0,Groceries,555.41
332.0,38.0,,50518.0,70.0,1.0,38.0,Sports,
333.0,21.0,Other,126598.0,14.0,3.0,1.0,Sports,505.98
334.0,58.0,Other,99475.0,27.0,9.0,9.0,Groceries,249.39
335.0,60.0,Male,145308.0,83.0,3.0,31.0,Groceries,53.26
336.0,40.0,Other,107488.0,96.0,7.0,16.0,Groceries,843.6
337.0,58.0,Male,60768.0,88.0,2.0,38.0,Groceries,67.52
338.0,42.0,Other,115381.0,70.0,7.0,33.0,Home & Garden,592.52
339.0,28.0,Female,111697.0,92.0,9.0,50.0,Sports,205.58
340.0,48.0,Other,30374.0,28.0,7.0,34.0,Groceries,463.78
341.0,31.0,Other,35406.0,45.0,10.0,9.0,Electronics,637.02
342.0,69.0,Female,71688.0,69.0,4.0,25.0,,532.23
343.0,32.0,Male,48445.0,91.0,8.0,27.0,Home & Garden,265.17
344.0,41.0,Male,136928.0,42.0,5.0,33.0,Home & Garden,239.72
345.0,33.0,M,112118.0,270.0,10.0,9.0,Clothing,535.28
346.0,62.0,Female,114587.0,14.0,7.0,11.0,Electronics,26.72
347.0,38.0,,42378.0,36.0,5.0,20.0,Sports,279.77
348.0,39.0,Female,136141.0,58.0,,30.0,Home & Garden,211.56
349.0,44.0,Male,32030.0,38.0,2.0,19.0,Sports,912.15
350.0,56.0,Female,148694.0,44.0,7.0,13.0,Electronics,326.5
351.0,68.0,Other,122661.0,16.0,4.0,48.0,Groceries,85.44
352.0,47.0,Female,54571.0,57.0,4.0,2.0,Electronics,138.3
353.0,61.0,Other,120516.0,100.0,10.0,47.0,Home & Garden,475.52
354.0,63.0,Other,37003.0,57.0,4.0,25.0,Sports,857.68
355.0,38.0,Other,,680.0,5.0,6.0,Sports,349.35
356.0,32.0,Other,946270.0,88.0,9.0,30.0,Clothing,703.94
357.0,,Other,103191.0,34.0,5.0,41.0,Clothing,253.63
358.0,57.0,Male,137205.0,18.0,1.0,21.0,,862.12
359.0,50.0,Male,85888.0,19.0,2.0,25.0,Groceries,910.52
360.0,38.0,Male,,91.0,7.0,27.0,Electronics,617.64
,,Female,130938.0,98.0,5.0,37.0,Electronics,612.09
,21.0,,107934.0,32.0,5.0,38.0,Home & Garden,533.18
363.0,26.0,Other,149741.0,51.0,4.0,37.0,Home & Garden,
,63.0,Other,145117.0,66.0,7.0,12.0,Sports,971.02
365.0,21.0,Other,900000.0,,4.0,23.0,Home & Garden,278.15
366.0,19.0,Other,105019.0,84.0,8.0,,Clothing,735.3
367.0,65.0,female,65576.0,91.0,5.0,12.0,Clothing,782.55
368.0,53.0,Female,130474.0,74.0,10.0,39.0,Home & Garden,217.92
369.0,63.0,Other,77411.0,20.0,2.0,,Sports,648.38
370.0,23.0,Female,30751.0,99.0,9.0,26.0,Electronics,696.9
371.0,20.0,Male,87520.0,93.0,4.0,3.0,Groceries,459.87
372.0,39.0,Female,53805.0,71.0,5.0,16.0,Sports,372.03
373.0,30.0,,80320.0,91.0,,31.0,Electronics,930.97
374.0,64.0,Other,84380.0,69.0,10.0,28.0,Sports,212.08
375.0,33.0,Female,58367.0,11.0,4.0,29.0,Groceries,826.87
376.0,25.0,Female,56110.0,36.0,5.0,42.0,Electronics,389.97
377.0,46.0,Male,123037.0,100.0,1.0,9.0,Home & Garden,617.74
378.0,45.0,Female,110174.0,87.0,5.0,32.0,Home & Garden,388.15
379.0,41.0,Female,30074.0,95.0,8.0,,Clothing,78.82
380.0,59.0,,,75.0,2.0,6.0,Sports,383.64
381.0,67.0,Female,104036.0,56.0,10.0,37.0,Sports,998.98
382.0,68.0,Other,93926.0,450.0,5.0,22.0,Electronics,19.14
383.0,65.0,Male,124796.0,4.0,5.0,38.0,Sports,247.96
384.0,46.0,,120914.0,1.0,1.0,,Home & Garden,329.9
,38.0,Male,78829.0,73.0,7.0,20.0,Sports,665.25
386.0,69.0,Male,105810.0,57.0,6.0,28.0,Groceries,985.94
387.0,51.0,Female,105658.0,49.0,,9.0,Electronics,785.55
388.0,25.0,Female,100053.0,6.0,5.0,33.0,Electronics,832.57
389.0,34.0,,118622.0,99.0,4.0,47.0,Sports,122.21
390.0,37.0,,65343.0,89.0,3.0,2.0,Electronics,668.23
391.0,67.0,Female,,57.0,3.0,19.0,Sports,670.51
392.0,28.0,Male,59278.0,60.0,2.0,8.0,Home & Garden,362.41
393.0,55.0,Female,127542.0,79.0,8.0,,Clothing,632.6
394.0,69.0,Female,74331.0,83.0,9.0,11.0,Clothing,341.63
395.0,69.0,Female,119075.0,40.0,8.0,44.0,Home & Garden,866.72
396.0,54.0,Other,87418.0,21.0,2.0,27.0,Groceries,846.76
397.0,23.0,Other,37713.0,11.0,8.0,31.0,Electronics,481.24
398.0,48.0,Male,36282.0,14.0,10.0,3.0,Sports,210.43
,19.0,Female,69790.0,3.0,,,Groceries,596.63
400.0,41.0,Female,147962.0,90.0,2.0,9.0,Clothing,688.61
401.0,32.0,Other,86268.0,96.0,3.0,21.0,Electronics,643.36
402.0,63.0,Male,149062.0,66.0,9.0,7.0,Clothing,
403.0,40.0,Other,127948.0,29.0,6.0,26.0,Groceries,144.78
404.0,36.0,M,,39.0,10.0,16.0,Groceries,233.08
405.0,21.0,Male,42889.0,12.0,2.0,20.0,Home & Garden,789.92
406.0,29.0,Other,141369.0,42.0,10.0,16.0,Home & Garden,862.54
407.0,24.0,Other,119844.0,78.0,4.0,6.0,Groceries,572.31
408.0,40.0,Other,135305.0,54.0,8.0,29.0,Clothing,831.6
409.0,63.0,,70967.0,59.0,6.0,10.0,Home & Garden,
410.0,20.0,F,98213.0,12.0,5.0,37.0,Home & Garden,902.24
411.0,43.0,Female,89856.0,96.0,3.0,2.0,Clothing,114.47
412.0,61.0,,80988.0,34.0,8.0,14.0,Clothing,937.86
413.0,19.0,Female,105731.0,9.0,7.0,10.0,Home & Garden,421.08
414.0,69.0,Female,117737.0,6.0,4.0,9.0,Groceries,877.51
415.0,57.0,Male,52164.0,53.0,3.0,36.0,Groceries,710.84
416.0,,Other,51327.0,62.0,,24.0,,645.43
417.0,52.0,Other,101105.0,11.0,9.0,2.0,Home & Garden,714.72
418.0,51.0,F,97565.0,48.0,10.0,31.0,Clothing,656.9
419.0,64.0,Other,71594.0,40.0,4.0,42.0,Clothing,487.73
420.0,46.0,Male,60671.0,57.0,5.0,48.0,Home & Garden,817.69
421.0,46.0,Female,90871.0,56.0,4.0,39.0,Clothing,592.97
422.0,56.0,Other,36843.0,46.0,,12.0,Home & Garden,22.15
423.0,62.0,Female,96260.0,30.0,6.0,45.0,,159.13
424.0,,Male,134502.0,46.0,5.0,5.0,Groceries,394.49
425.0,41.0,Male,67039.0,100.0,1.0,36.0,Electronics,178.68
426.0,40.0,Other,142251.0,90.0,10.0,14.0,Electronics,866.52
427.0,47.0,Female,49336.0,11.0,10.0,11.0,Sports,877.17
428.0,54.0,Other,90780.0,24.0,3.0,46.0,Groceries,824.65
429.0,20.0,Male,49308.0,,6.0,19.0,Electronics,351.64
430.0,64.0,Other,124369.0,74.0,2.0,3.0,Home & Garden,275.4
431.0,40.0,Male,99618.0,80.0,4.0,22.0,Groceries,15.04
432.0,29.0,Female,133291.0,52.0,4.0,42.0,Clothing,916.28
,44.0,Female,100832.0,90.0,8.0,39.0,Electronics,769.0
434.0,57.0,Male,60668.0,66.0,6.0,28.0,Electronics,984.6
435.0,32.0,Female,69782.0,76.0,1.0,9.0,Home & Garden,803.28
436.0,52.0,Other,136827.0,87.0,5.0,20.0,Sports,322.29
,48.0,Other,51565.0,44.0,5.0,20.0,Groceries,552.48
438.0,47.0,Female,,25.0,3.0,35.0,Electronics,273.38
439.0,63.0,Female,118402.0,,,12.0,Sports,828.04
440.0,23.0,Female,130546.0,71.0,9.0,36.0,Sports,799.33
441.0,46.0,Male,68970.0,50.0,9.0,46.0,Clothing,
442.0,26.0,Female,84460.0,45.0,1.0,33.0,Clothing,219.67
443.0,47.0,Other,138199.0,79.0,10.0,,Electronics,
444.0,62.0,Other,59481.0,30.0,4.0,35.0,Clothing,121.0
445.0,62.0,Female,75974.0,68.0,4.0,46.0,Groceries,180.09
446.0,53.0,Male,56570.0,29.0,7.0,37.0,Electronics,432.65
447.0,27.0,Other,68689.0,83.0,8.0,33.0,Groceries,782.58
448.0,31.0,Female,46106.0,72.0,7.0,2.0,Sports,59.82
449.0,50.0,Male,46524.0,1.0,4.0,7.0,,371.62
450.0,48.0,,60382.0,13.0,3.0,27.0,Electronics,694.59
451.0,24.0,Other,147555.0,65.0,4.0,28.0,Groceries,434.84
452.0,45.0,Female,93800.0,33.0,10.0,32.0,Sports,391.45
453.0,30.0,Male,,83.0,8.0,17.0,Electronics,238.79
,27.0,Male,143992.0,31.0,2.0,32.0,,994.1
455.0,28.0,Other,126571.0,82.0,10.0,8.0,Electronics,26.12
456.0,61.0,Other,57851.0,46.0,3.0,5.0,Clothing,
457.0,30.0,Other,120083.0,47.0,1.0,49.0,Electronics,443.12
458.0,62.0,Male,32827.0,69.0,8.0,2.0,Groceries,468.37
459.0,30.0,Other,100399.0,96.0,2.0,5.0,Clothing,705.64
460.0,55.0,Female,105647.0,94.0,1.0,14.0,Sports,737.91
461.0,41.0,,141605.0,100.0,4.0,20.0,Home & Garden,693.02
462.0,57.0,Female,46563.0,86.0,4.0,24.0,Electronics,800.46
463.0,53.0,Male,37569.0,18.0,8.0,50.0,Clothing,634.92
464.0,65.0,Female,138529.0,87.0,10.0,14.0,Sports,461.61
465.0,54.0,Female,40858.0,48.0,6.0,20.0,Clothing,34.88
466.0,69.0,Other,143640.0,14.0,8.0,2.0,Clothing,387.39
467.0,25.0,Male,99668.0,1.0,1.0,50.0,Groceries,937.86
468.0,54.0,Male,32276.0,73.0,2.0,44.0,Clothing,554.58
469.0,32.0,Other,100736.0,84.0,10.0,32.0,Groceries,863.93
470.0,53.0,Other,139508.0,92.0,6.0,39.0,Clothing,172.99
471.0,32.0,Male,38683.0,59.0,10.0,47.0,Groceries,846.85
472.0,35.0,Other,42390.0,27.0,3.0,41.0,Electronics,781.31
,53.0,,104435.0,42.0,4.0,34.0,Home & Garden,795.81
474.0,54.0,Female,111261.0,56.0,1.0,44.0,Groceries,216.09
475.0,36.0,Other,112674.0,12.0,7.0,35.0,Groceries,590.32
476.0,38.0,Male,144083.0,23.0,1.0,28.0,Groceries,158.15
477.0,42.0,Male,115342.0,19.0,4.0,47.0,Sports,13.69
478.0,48.0,Other,143424.0,24.0,3.0,22.0,Home & Garden,594.94
,58.0,Female,137836.0,19.0,9.0,21.0,Electronics,
480.0,19.0,Female,35529.0,62.0,4.0,24.0,Clothing,177.69
481.0,54.0,Male,105641.0,17.0,9.0,37.0,Sports,173.81
482.0,65.0,Other,120542.0,52.0,3.0,36.0,Clothing,70.22
483.0,44.0,Female,43069.0,55.0,6.0,33.0,Groceries,501.34
484.0,40.0,Male,,44.0,4.0,17.0,Groceries,135.19
,65.0,Male,39113.0,85.0,9.0,42.0,Home & Garden,964.87
486.0,66.0,Other,91672.0,,5.0,9.0,,10.4
487.0,22.0,Female,104781.0,64.0,8.0,38.0,Home & Garden,151.48
,47.0,Other,124597.0,67.0,9.0,8.0,Clothing,885.33
489.0,26.0,,96845.0,19.0,1.0,,Home & Garden,154.89
,19.0,Female,,,5.0,35.0,,633.5
491.0,22.0,Female,46900.0,70.0,1.0,,Groceries,
492.0,39.0,Male,84725.0,100.0,8.0,49.0,Sports,906.07
493.0,51.0,,120616.0,71.0,1.0,16.0,Clothing,
494.0,35.0,Male,141134.0,24.0,4.0,48.0,Sports,649.61
495.0,59.0,Male,140809.0,45.0,5.0,45.0,Sports,917.5
496.0,33.0,Female,65486.0,76.0,2.0,,Sports,302.05
497.0,56.0,Male,145254.0,48.0,6.0,43.0,Sports,422.32
498.0,54.0,Female,43308.0,56.0,5.0,50.0,Elec,667.92
499.0,25.0,Male,33065.0,61.0,7.0,40.0,Groceries,317.98
500.0,47.0,Male,69168.0,16.0,7.0,42.0,Clothing,638.96
501.0,42.0,Male,129999.0,73.0,5.0,2.0,Clothing,
502.0,61.0,Female,41730.0,2.0,,20.0,Electronics,177.64
503.0,22.0,Male,75626.0,52.0,7.0,34.0,Electronics,154.67
504.0,18.0,Other,142641.0,40.0,7.0,31.0,Electronics,240.64
505.0,22.0,Male,53863.0,96.0,10.0,41.0,Electronics,491.64
506.0,66.0,Male,149505.0,79.0,4.0,8.0,Sports,334.95
507.0,58.0,Male,132215.0,91.0,8.0,,Sports,275.71
508.0,48.0,,72108.0,85.0,8.0,13.0,Sports,486.58
509.0,68.0,Other,113760.0,64.0,2.0,37.0,Sports,462.62
510.0,19.0,Male,111238.0,7.0,2.0,30.0,Sports,813.37
511.0,24.0,Other,109039.0,71.0,9.0,,Sports,606.18
512.0,33.0,Male,1329680.0,49.0,10.0,45.0,Sports,641.53
513.0,19.0,Male,82506.0,,5.0,41.0,Sports,
514.0,69.0,Female,58668.0,40.0,2.0,15.0,Home & Garden,626.35
515.0,28.0,Male,66961.0,8.0,10.0,22.0,Groceries,179.82
516.0,32.0,Other,137280.0,95.0,6.0,3.0,Electronics,31.72
517.0,18.0,Other,112021.0,9.0,3.0,11.0,Groceries,588.37
518.0,,Female,110280.0,85.0,4.0,21.0,Groceries,944.07
519.0,45.0,Female,67753.0,64.0,4.0,48.0,Sports,926.69
520.0,38.0,Male,54918.0,1.0,,6.0,Electronics,979.26
521.0,69.0,Other,78534.0,100.0,2.0,9.0,Home & Garden,75.03
522.0,29.0,Female,51471.0,96.0,3.0,13.0,Home & Garden,668.21
523.0,32.0,Female,58144.0,4.0,5.0,16.0,Electronics,923.37
524.0,47.0,Other,100338.0,13.0,9.0,40.0,Electronics,48.65
525.0,33.0,,90232.0,19.0,2.0,8.0,Clothing,255.08
526.0,52.0,Male,133701.0,,1.0,34.0,Clothing,534.25
527.0,62.0,Female,117704.0,37.0,3.0,48.0,Sports,112.11
,23.0,Female,144577.0,75.0,1.0,9.0,Clothing,826.02
529.0,57.0,Male,139366.0,39.0,5.0,50.0,Sports,
530.0,27.0,Male,106944.0,,1.0,28.0,Sports,36.39
,61.0,Male,92031.0,44.0,7.0,11.0,Sports,
532.0,,Male,146165.0,,9.0,45.0,Home & Garden,819.92
533.0,36.0,Other,113794.0,74.0,1.0,27.0,Sports,377.75
534.0,28.0,Male,121073.0,44.0,3.0,16.0,Sports,482.35
535.0,46.0,Other,61090.0,3.0,4.0,3.0,Sports,213.68
536.0,62.0,Female,74474.0,49.0,2.0,18.0,,933.65
537.0,48.0,Female,57932.0,70.0,9.0,44.0,Home & Garden,192.46
,39.0,Male,49970.0,53.0,5.0,24.0,Groceries,728.58
539.0,27.0,Male,73823.0,110.0,8.0,23.0,Electronics,27.4
540.0,36.0,Male,37595.0,88.0,8.0,49.0,Groceries,600.48
541.0,33.0,Female,103063.0,16.0,3.0,4.0,Electronics,998.51
542.0,69.0,Other,86860.0,70.0,1.0,1.0,Clothing,812.25
543.0,68.0,Female,40478.0,22.0,4.0,46.0,Groceries,954.91
544.0,66.0,Female,126893.0,3.0,1.0,32.0,Clothing,199.17
545.0,23.0,Female,123168.0,80.0,4.0,19.0,Clothing,860.95
546.0,44.0,Other,112137.0,37.0,7.0,18.0,Groceries,769.16
547.0,60.0,Other,108533.0,23.0,9.0,24.0,Electronics,506.98
548.0,22.0,Female,93861.0,42.0,6.0,6.0,Home & Garden,73.13
549.0,39.0,Male,30004.0,32.0,6.0,,Sports,863.47
550.0,53.0,Male,,85.0,2.0,45.0,Sports,338.69
551.0,50.0,Male,43965.0,83.0,3.0,17.0,,83.38
552.0,20.0,Male,51199.0,100.0,5.0,,Clothing,889.83
,69.0,Male,51759.0,18.0,9.0,14.0,Sports,563.48
554.0,61.0,Female,54256.0,78.0,3.0,3.0,Home & Garden,886.44
555.0,66.0,Other,53345.0,100.0,4.0,22.0,Sports,221.75
556.0,25.0,Female,52403.0,53.0,1.0,14.0,Groceries,73.34
557.0,45.0,Male,95367.0,83.0,5.0,30.0,Home & Garden,845.33
558.0,40.0,Male,62536.0,84.0,4.0,28.0,Sports,149.07
559.0,33.0,Male,121639.0,17.0,,28.0,Home & Garden,422.14
560.0,63.0,Male,82296.0,61.0,4.0,43.0,Home & Garden,390.89
561.0,61.0,Other,137276.0,92.0,5.0,8.0,Groceries,482.77
562.0,18.0,Male,143235.0,46.0,10.0,31.0,Groceries,143.75
563.0,23.0,Male,143899.0,10.0,3.0,47.0,Groceries,361.81
564.0,56.0,Other,134923.0,18.0,3.0,31.0,Electronics,515.16
565.0,68.0,Other,106635.0,85.0,10.0,30.0,Electronics,854.95
566.0,29.0,Male,60262.0,56.0,4.0,27.0,Clothing,
567.0,22.0,Other,92601.0,75.0,7.0,49.0,Electronics,120.76
568.0,45.0,,41917.0,58.0,8.0,5.0,Home & Garden,870.38
569.0,29.0,Female,59815.0,43.0,6.0,24.0,Groceries,
570.0,18.0,Other,94701.0,69.0,8.0,48.0,Clothing,760.34
571.0,36.0,Female,31458.0,40.0,4.0,,Electronics,371.77
572.0,19.0,Male,,95.0,7.0,44.0,Electronics,97.65
,,Female,143338.0,6.0,8.0,26.0,Groceries,491.07
574.0,48.0,Other,93084.0,30.0,7.0,5.0,Clothing,480.55
575.0,49.0,Male,55027.0,62.0,2.0,1.0,,962.9
576.0,51.0,Female,149256.0,96.0,1.0,31.0,Electronics,266.83
577.0,32.0,Female,46610.0,92.0,,9.0,Groceries,409.85
578.0,64.0,Male,43175.0,59.0,10.0,,Electronics,363.86
579.0,21.0,Female,71227.0,17.0,10.0,12.0,Electronics,
580.0,51.0,Female,149744.0,99.0,1.0,12.0,Groceries,215.92
581.0,46.0,Male,,56.0,10.0,27.0,Clothing,766.26
582.0,19.0,Male,135968.0,50.0,4.0,49.0,Electronics,
583.0,33.0,Male,38240.0,92.0,3.0,37.0,Home & Garden,626.82
584.0,30.0,Male,,23.0,9.0,6.0,Clothing,74.08
585.0,51.0,Female,37310.0,6.0,5.0,14.0,Sports,706.18
586.0,62.0,Other,147903.0,79.0,5.0,22.0,Electronics,203.15
587.0,20.0,Other,61541.0,80.0,2.0,14.0,Groceries,48.5
588.0,47.0,Other,55753.0,69.0,5.0,40.0,Home & Garden,772.89
589.0,29.0,Other,80868.0,33.0,6.0,15.0,Clothing,865.65
590.0,33.0,Male,93599.0,22.0,4.0,37.0,Sports,274.96
591.0,53.0,Male,108263.0,21.0,1.0,47.0,Electronics,734.48
592.0,22.0,Male,100730.0,4.0,5.0,10.0,Sports,459.58
593.0,62.0,Female,148501.0,41.0,9.0,32.0,Sports,980.47
594.0,29.0,,98150.0,42.0,9.0,34.0,Sports,324.11
595.0,28.0,,61870.0,100.0,6.0,3.0,Groceries,728.67
596.0,46.0,Male,73370.0,2.0,4.0,29.0,Home & Garden,486.5
597.0,50.0,Male,132598.0,57.0,7.0,21.0,Home & Garden,930.91
598.0,56.0,Other,55695.0,58.0,7.0,30.0,Electronics,435.76
599.0,,Other,69204.0,95.0,4.0,28.0,Clothing,936.04
600.0,52.0,Male,127010.0,76.0,8.0,26.0,,13.46
601.0,53.0,Female,137854.0,33.0,10.0,47.0,Groceries,523.27
,20.0,Male,145924.0,64.0,5.0,18.0,Electronics,495.49
603.0,33.0,Female,53219.0,33.0,,47.0,Clothing,251.23
604.0,47.0,Male,64592.0,25.0,4.0,12.0,Home & Garden,
605.0,18.0,,144275.0,69.0,9.0,27.0,Electronics,141.72
606.0,39.0,Male,48641.0,45.0,3.0,46.0,Home & Garden,415.19
607.0,30.0,Male,,88.0,5.0,47.0,Home & Garden,131.84
608.0,41.0,Other,67215.0,34.0,3.0,30.0,Home & Garden,460.25
609.0,53.0,Other,96499.0,29.0,,5.0,Electronics,744.11
610.0,23.0,Female,83912.0,28.0,6.0,31.0,Home & Garden,98.32
611.0,42.0,Female,63444.0,72.0,4.0,40.0,Home & Garden,166.45
612.0,33.0,Female,38271.0,39.0,10.0,43.0,Electronics,99.52
613.0,60.0,,53295.0,73.0,3.0,5.0,Home & Garden,642.3
614.0,64.0,F,116106.0,5.0,,5.0,Clothing,25.86
615.0,69.0,Male,141965.0,98.0,5.0,35.0,Electronics,616.66
616.0,43.0,Male,38012.0,55.0,3.0,24.0,Groceries,943.37
617.0,29.0,Other,83172.0,51.0,8.0,1.0,Clothing,906.75
618.0,53.0,Other,62024.0,13.0,2.0,39.0,Sports,66.6
619.0,29.0,Other,88288.0,39.0,5.0,50.0,Groceries,803.87
620.0,53.0,Other,,92.0,6.0,48.0,Sports,814.52
621.0,20.0,Male,122028.0,40.0,,6.0,Electronics,777.44
622.0,33.0,Other,102269.0,26.0,8.0,47.0,Sports,356.67
623.0,30.0,Female,97829.0,99.0,4.0,27.0,Clothing,320.95
624.0,59.0,Other,66196.0,37.0,9.0,44.0,Clothing,483.66
625.0,41.0,Male,36763.0,50.0,,,Home & Garden,490.62
626.0,19.0,Male,138008.0,8.0,9.0,15.0,Groceries,116.8
627.0,27.0,Female,96762.0,22.0,3.0,10.0,Electronics,551.43
628.0,39.0,Other,108744.0,63.0,2.0,23.0,Sports,411.86
629.0,65.0,Male,84223.0,83.0,7.0,46.0,Groceries,971.93
630.0,64.0,Female,145746.0,76.0,2.0,48.0,Home & Garden,49.06
631.0,47.0,F,108766.0,37.0,7.0,38.0,Groceries,640.55
632.0,29.0,Female,72125.0,41.0,5.0,31.0,Sports,507.62
633.0,43.0,Female,,14.0,6.0,49.0,Electronics,886.61
634.0,51.0,,143678.0,50.0,8.0,23.0,,916.04
635.0,,Female,122669.0,15.0,3.0,4.0,Electronics,
636.0,,Female,93266.0,20.0,1.0,4.0,Clothing,636.29
637.0,,Other,,6.0,5.0,2.0,Home & Garden,704.32
638.0,34.0,Female,60489.0,95.0,3.0,38.0,Home & Garden,304.86
639.0,68.0,Male,57700.0,70.0,8.0,46.0,Groceries,178.21
640.0,57.0,Male,97035.0,28.0,6.0,42.0,Home & Garden,741.41
641.0,59.0,Other,141667.0,28.0,4.0,5.0,Sports,204.25
642.0,34.0,Female,114408.0,,7.0,,Electronics,647.35
643.0,64.0,Female,92888.0,2.0,7.0,50.0,Sports,84.98
644.0,54.0,Male,132403.0,83.0,3.0,2.0,Sports,45.2
645.0,67.0,Other,115578.0,10.0,1.0,36.0,Groceries,646.16
646.0,62.0,Male,113856.0,78.0,6.0,50.0,Electronics,720.47
647.0,24.0,Other,122371.0,11.0,2.0,,Electronics,838.19
648.0,43.0,Female,67979.0,49.0,2.0,6.0,Groceries,420.03
649.0,27.0,Male,147360.0,96.0,3.0,,,26.1
650.0,47.0,Other,88268.0,32.0,8.0,27.0,,686.5
651.0,27.0,Female,113174.0,36.0,3.0,46.0,Electronics,499.07
652.0,32.0,Other,95862.0,34.0,,41.0,Electronics,65.15
653.0,41.0,Male,140959.0,35.0,7.0,14.0,Home & Garden,232.42
654.0,48.0,Male,82356.0,97.0,,35.0,,204.55
655.0,45.0,Other,,70.0,6.0,9.0,Groceries,218.77
656.0,33.0,Other,65142.0,45.0,10.0,42.0,Clothing,132.6
657.0,27.0,Male,81110.0,44.0,6.0,8.0,Electronics,654.05
658.0,61.0,Male,145578.0,79.0,2.0,34.0,Clothing,762.06
659.0,35.0,Other,116378.0,38.0,10.0,11.0,Clothing,79.27
660.0,54.0,Female,,14.0,4.0,11.0,Sports,138.81
661.0,69.0,,34122.0,50.0,4.0,27.0,Sports,758.44
662.0,66.0,Other,38652.0,40.0,10.0,7.0,Home & Garden,566.59
663.0,30.0,Female,76658.0,70.0,3.0,32.0,,760.27
664.0,56.0,Other,30492.0,47.0,5.0,6.0,Groceries,725.26
665.0,37.0,Male,105623.0,26.0,5.0,47.0,Home & Garden,94.79
666.0,31.0,Other,85972.0,62.0,9.0,25.0,Sports,914.63
667.0,29.0,Female,135394.0,53.0,9.0,36.0,Clothing,30.13
668.0,27.0,Female,48576.0,,7.0,29.0,Sports,976.83
669.0,52.0,Male,87717.0,79.0,6.0,44.0,,95.17
670.0,55.0,Other,59108.0,36.0,6.0,31.0,Home & Garden,900.16
671.0,34.0,Male,54274.0,27.0,2.0,17.0,Home & Garden,954.46
672.0,30.0,Male,94803.0,76.0,6.0,33.0,Home & Garden,596.98
673.0,47.0,Female,40790.0,36.0,1.0,4.0,Clothing,913.84
674.0,,Other,41072.0,14.0,5.0,39.0,,981.04
675.0,64.0,Female,67704.0,12.0,6.0,17.0,,126.15
676.0,64.0,Female,48169.0,390.0,5.0,33.0,Groceries,451.86
677.0,51.0,Female,146159.0,99.0,7.0,,Groceries,808.89
,63.0,Other,56374.0,60.0,4.0,45.0,Home & Garden,943.5
679.0,46.0,Female,112770.0,6.0,10.0,27.0,Sports,559.73
680.0,,Other,106345.0,98.0,7.0,49.0,,
681.0,49.0,Other,115974.0,95.0,8.0,22.0,Electronics,143.0
682.0,61.0,Male,136973.0,27.0,7.0,2.0,Electronics,269.2
683.0,27.0,Female,89855.0,54.0,10.0,37.0,Home & Garden,750.51
684.0,42.0,Male,,8.0,9.0,18.0,Clothing,880.45
685.0,37.0,Male,104041.0,64.0,9.0,49.0,Home & Garden,117.52
686.0,30.0,Male,115674.0,78.0,,48.0,Clothing,621.73
687.0,59.0,Male,65196.0,22.0,2.0,36.0,Home & Garden,625.33
688.0,30.0,Male,94970.0,15.0,4.0,11.0,Sports,250.07
689.0,69.0,Other,45024.0,38.0,5.0,11.0,Clothing,830.03
690.0,,Female,141586.0,50.0,4.0,46.0,Clothing,659.67
691.0,53.0,Other,84686.0,93.0,,1.0,Groceries,109.54
692.0,23.0,Male,57558.0,28.0,6.0,23.0,,800.78
693.0,28.0,Female,142450.0,80.0,3.0,22.0,Groceries,471.87
694.0,64.0,Male,32144.0,76.0,2.0,28.0,Sports,902.66
695.0,45.0,Male,53474.0,79.0,8.0,21.0,Electronics,40.32
696.0,61.0,Male,897200.0,4.0,9.0,8.0,Groceries,795.49
697.0,36.0,Female,114281.0,99.0,7.0,6.0,Sports,217.78
698.0,33.0,Other,36577.0,28.0,4.0,1.0,Electronics,612.54
699.0,55.0,Other,53164.0,64.0,2.0,19.0,Clothing,932.41
700.0,31.0,Male,33604.0,8.0,5.0,2.0,Electronics,984.15
701.0,31.0,Male,148121.0,34.0,9.0,32.0,Groceries,753.49
702.0,26.0,Female,42499.0,92.0,,50.0,Electronics,37.57
703.0,26.0,female,56466.0,61.0,3.0,12.0,Home & Garden,358.22
704.0,52.0,Female,58805.0,14.0,2.0,47.0,Sports,104.35
705.0,42.0,Male,49140.0,23.0,9.0,35.0,Clothing,400.23
706.0,29.0,Female,102972.0,68.0,3.0,39.0,Clothing,258.09
707.0,47.0,Female,128439.0,42.0,5.0,22.0,Sports,219.02
708.0,68.0,Male,47482.0,100.0,9.0,49.0,Clothing,170.56
709.0,,Female,118123.0,40.0,8.0,31.0,Clothing,140.52
710.0,43.0,Female,43545.0,67.0,5.0,41.0,Electronics,179.71
711.0,43.0,Other,51398.0,12.0,4.0,26.0,Sports,117.85
712.0,18.0,Male,141318.0,37.0,,28.0,Home & Garden,428.33
713.0,19.0,Female,76416.0,26.0,6.0,20.0,Electronics,
714.0,30.0,Male,100115.0,54.0,2.0,36.0,Sports,789.67
715.0,43.0,Other,67912.0,71.0,10.0,35.0,Electronics,698.03
716.0,48.0,Female,74273.0,23.0,10.0,46.0,Sports,
717.0,47.0,male,136278.0,76.0,10.0,48.0,Clothing,233.64
718.0,57.0,Female,108833.0,77.0,3.0,37.0,Home & Garden,623.78
719.0,21.0,Female,119226.0,21.0,8.0,50.0,Sports,772.63
720.0,69.0,Other,72651.0,58.0,5.0,30.0,Electronics,103.11
721.0,27.0,Male,114848.0,66.0,,38.0,Groceries,912.58
722.0,45.0,Male,127989.0,,1.0,42.0,Home & Garden,683.99
723.0,20.0,Male,48504.0,27.0,3.0,28.0,Groceries,658.54
724.0,21.0,Other,114762.0,28.0,3.0,7.0,Sports,397.54
725.0,48.0,,,3.0,8.0,39.0,Clothing,15.72
726.0,40.0,Other,105994.0,39.0,9.0,17.0,Home & Garden,347.21
727.0,18.0,Other,84764.0,2.0,,49.0,Home & Garden,348.51
728.0,28.0,Other,53503.0,39.0,5.0,30.0,Groceries,
729.0,50.0,Male,86985.0,77.0,8.0,11.0,Sports,964.1
730.0,19.0,Male,85349.0,77.0,8.0,29.0,Home & Garden,381.04
731.0,53.0,Female,52855.0,12.0,5.0,33.0,Groceries,444.09
732.0,29.0,Other,66264.0,85.0,2.0,8.0,Electronics,743.3
733.0,49.0,Male,56707.0,6.0,8.0,29.0,Electronics,604.53
734.0,,Other,66886.0,7.0,,40.0,Electronics,322.64
735.0,38.0,Other,115537.0,10.0,7.0,25.0,,632.99
736.0,52.0,Female,130875.0,76.0,10.0,14.0,Clothing,979.39
737.0,28.0,Male,104971.0,,4.0,10.0,Clothing,297.17
738.0,,Female,136320.0,52.0,5.0,42.0,Electronics,
739.0,61.0,Male,1133800.0,27.0,2.0,,Electronics,177.5
740.0,62.0,Female,119083.0,18.0,4.0,28.0,Electronics,317.78
741.0,,Female,50944.0,24.0,3.0,36.0,Electronics,121.22
742.0,45.0,Other,30738.0,38.0,7.0,5.0,Home & Garden,144.0
743.0,64.0,Male,132277.0,81.0,5.0,30.0,Sports,505.24
744.0,56.0,M,90816.0,20.0,,35.0,Electronics,
745.0,30.0,Female,64288.0,93.0,9.0,43.0,Groceries,825.85
746.0,60.0,Male,,99.0,10.0,3.0,Electronics,983.3
747.0,26.0,Male,44725.0,,10.0,17.0,Groceries,307.42
748.0,,,58696.0,69.0,,29.0,Groceries,570.87
749.0,22.0,Male,73023.0,30.0,1.0,19.0,Home & Garden,661.7
750.0,,Other,74985.0,68.0,8.0,21.0,Electronics,123.96
751.0,63.0,Male,37201.0,60.0,6.0,46.0,Groceries,90.96
752.0,31.0,Male,85928.0,10.0,2.0,40.0,Home & Garden,34.1
753.0,28.0,Other,129367.0,4.0,1.0,44.0,Electronics,559.61
754.0,52.0,Male,49342.0,77.0,7.0,29.0,Groceries,622.86
755.0,61.0,Male,59583.0,11.0,8.0,27.0,Clothing,744.56
756.0,30.0,Female,111050.0,61.0,10.0,32.0,Electronics,213.88
757.0,19.0,Female,129687.0,78.0,3.0,43.0,Home & Garden,679.67
758.0,35.0,Male,94896.0,36.0,6.0,4.0,Home & Garden,102.23
759.0,64.0,Other,130443.0,29.0,1.0,17.0,,835.67
760.0,27.0,Male,80545.0,63.0,6.0,46.0,Sports,575.98
761.0,47.0,Male,112510.0,,2.0,10.0,Home & Garden,618.2
762.0,57.0,Male,145190.0,42.0,9.0,8.0,Sports,
763.0,63.0,Male,115204.0,12.0,2.0,19.0,Home & Garden,910.59
764.0,61.0,Female,116123.0,96.0,2.0,,,844.95
765.0,40.0,Other,108344.0,87.0,2.0,13.0,Electronics,892.28
766.0,41.0,Other,74198.0,84.0,1.0,50.0,Clothing,60.51
767.0,45.0,Other,62582.0,1.0,6.0,,Clothing,298.11
768.0,33.0,Other,92798.0,80.0,3.0,44.0,Groceries,367.85
769.0,19.0,Male,85583.0,61.0,5.0,43.0,Sports,316.35
770.0,61.0,Male,32692.0,18.0,,28.0,Groceries,709.33
771.0,,Other,53069.0,3.0,10.0,43.0,Clothing,777.97
,26.0,Female,79842.0,78.0,9.0,5.0,Clothing,557.41
773.0,51.0,Female,70099.0,42.0,7.0,12.0,,481.56
774.0,52.0,Male,52167.0,19.0,5.0,50.0,Home & Garden,961.55
775.0,24.0,Male,51225.0,21.0,6.0,31.0,Sports,235.64
776.0,31.0,Female,123947.0,25.0,2.0,39.0,Groceries,355.67
777.0,19.0,Other,45781.0,93.0,6.0,43.0,Sports,412.99
778.0,46.0,Female,78023.0,83.0,7.0,28.0,Sports,270.15
779.0,56.0,,43031.0,56.0,2.0,15.0,Electronics,830.79
780.0,65.0,,80686.0,2.0,8.0,30.0,Sports,491.8
781.0,53.0,Male,147355.0,10.0,2.0,38.0,Home & Garden,866.3
782.0,22.0,Male,118840.0,32.0,9.0,9.0,Electronics,819.14
783.0,39.0,Other,71987.0,42.0,5.0,,Clothing,196.61
784.0,47.0,Other,64229.0,74.0,5.0,22.0,,438.95
785.0,45.0,Female,88366.0,22.0,10.0,24.0,Electronics,253.64
786.0,30.0,Male,43192.0,61.0,1.0,27.0,Sports,614.39
787.0,57.0,Other,56547.0,65.0,10.0,43.0,Groceries,686.83
788.0,33.0,Male,38558.0,71.0,8.0,22.0,Home & Garden,223.73
789.0,25.0,Female,52575.0,77.0,5.0,13.0,Clothing,112.22
790.0,61.0,,96409.0,66.0,1.0,32.0,Sports,674.93
791.0,59.0,Female,97756.0,89.0,6.0,3.0,Home & Garden,318.74
792.0,,Other,140475.0,38.0,8.0,7.0,Sports,442.42
793.0,63.0,Female,123481.0,26.0,1.0,26.0,Home & Garden,386.51
794.0,50.0,,,58.0,2.0,3.0,,687.32
795.0,33.0,Female,45432.0,11.0,4.0,42.0,Electronics,990.34
796.0,47.0,Male,,17.0,7.0,8.0,Home & Garden,997.15
,47.0,Male,86651.0,54.0,3.0,49.0,Home & Garden,678.41
798.0,68.0,Other,44597.0,,1.0,36.0,Sports,743.73
799.0,25.0,Male,107042.0,27.0,1.0,32.0,Clothing,648.79
800.0,35.0,Other,114874.0,40.0,3.0,15.0,Sports,333.55
,61.0,Other,69791.0,33.0,8.0,1.0,Sports,165.39
802.0,51.0,Male,107033.0,96.0,3.0,,Groceries,992.17
803.0,64.0,Male,127745.0,72.0,2.0,,Groceries,192.17
804.0,59.0,Female,58656.0,47.0,6.0,6.0,Groceries,246.07
805.0,51.0,Female,97660.0,3.0,7.0,30.0,Sports,145.66
806.0,49.0,Male,69864.0,92.0,10.0,25.0,Groceries,522.78
807.0,24.0,Male,68172.0,6.0,1.0,28.0,Clothing,445.3
808.0,33.0,Male,127302.0,43.0,1.0,40.0,Groceries,785.52
809.0,46.0,Other,91845.0,35.0,8.0,49.0,Electronics,537.23
810.0,35.0,Male,83547.0,27.0,7.0,40.0,,570.08
811.0,27.0,Female,78001.0,50.0,5.0,17.0,Home & Garden,
812.0,53.0,Other,76842.0,73.0,6.0,35.0,Home & Garden,701.61
813.0,19.0,Male,68304.0,9.0,10.0,28.0,Sports,864.57
814.0,56.0,Other,145028.0,2.0,10.0,32.0,Home & Garden,849.56
815.0,53.0,Female,58486.0,87.0,8.0,23.0,Home & Garden,409.35
816.0,50.0,Other,143612.0,71.0,9.0,28.0,Groceries,372.69
817.0,37.0,Female,115734.0,87.0,2.0,50.0,Groceries,646.4
818.0,69.0,Male,129445.0,32.0,3.0,6.0,Home & Garden,42.19
819.0,46.0,Other,58692.0,2.0,9.0,22.0,,230.66
820.0,52.0,Other,73723.0,69.0,,19.0,Sports,321.92
821.0,41.0,Other,37547.0,72.0,3.0,24.0,Groceries,897.46
822.0,26.0,Female,34901.0,31.0,7.0,9.0,Groceries,667.8
823.0,69.0,Male,85068.0,54.0,6.0,24.0,Sports,846.68
824.0,38.0,Female,81244.0,57.0,5.0,3.0,Home & Garden,301.59
825.0,30.0,Female,121358.0,16.0,,2.0,Electronics,122.7
826.0,48.0,,111795.0,41.0,9.0,17.0,Groceries,116.19
827.0,,Other,88975.0,58.0,6.0,24.0,Sports,921.21
828.0,34.0,Male,43316.0,72.0,7.0,13.0,Electronics,
829.0,,Male,112949.0,33.0,8.0,40.0,Home & Garden,424.07
830.0,28.0,Male,136418.0,17.0,5.0,17.0,Home & Garden,765.53
831.0,43.0,Female,76811.0,26.0,1.0,33.0,Home & Garden,836.5
832.0,69.0,Other,81964.0,22.0,1.0,3.0,Home & Garden,839.2
833.0,43.0,Female,85487.0,71.0,7.0,,Sports,625.26
834.0,38.0,Male,101111.0,,8.0,35.0,Clothing,738.01
835.0,41.0,Female,68147.0,75.0,2.0,33.0,Groceries,553.35
836.0,30.0,Other,42089.0,,3.0,3.0,Home & Garden,
837.0,,Female,106629.0,,7.0,9.0,Groceries,443.22
838.0,57.0,Male,98928.0,80.0,3.0,33.0,Electronics,934.98
839.0,43.0,Male,90687.0,9.0,,24.0,Sports,531.25
840.0,58.0,Female,68764.0,96.0,6.0,31.0,Groceries,723.66
841.0,40.0,Male,125996.0,64.0,6.0,15.0,Clothing,583.95
842.0,33.0,Female,96916.0,23.0,6.0,12.0,Sports,373.49
843.0,50.0,Other,149578.0,28.0,2.0,39.0,Home & Garden,839.34
844.0,,Male,140638.0,62.0,10.0,18.0,Home & Garden,78.52
845.0,45.0,Female,57615.0,30.0,5.0,15.0,Electronics,998.09
846.0,60.0,Other,,97.0,8.0,9.0,,793.84
847.0,22.0,Male,134801.0,47.0,1.0,49.0,Groceries,292.92
848.0,60.0,Other,111784.0,31.0,1.0,14.0,Clothing,
849.0,56.0,Female,86142.0,87.0,7.0,8.0,Sports,291.96
850.0,48.0,Female,126398.0,19.0,1.0,18.0,,311.08
851.0,51.0,Other,59566.0,25.0,5.0,22.0,Groceries,847.03
852.0,64.0,Female,63123.0,88.0,1.0,16.0,Groceries,330.95
853.0,22.0,Other,120644.0,75.0,1.0,4.0,Clothing,456.11
854.0,27.0,Female,40595.0,84.0,6.0,15.0,Groceries,268.76
855.0,18.0,Male,30102.0,35.0,2.0,6.0,Sports,739.27
,45.0,Other,135627.0,67.0,2.0,46.0,Groceries,524.16
,19.0,Female,90561.0,,10.0,23.0,,866.23
858.0,67.0,Male,115470.0,56.0,4.0,6.0,Clothing,151.74
859.0,22.0,Male,62752.0,2.0,10.0,22.0,Electronics,469.36
860.0,22.0,Male,,3.0,7.0,,Electronics,737.44
861.0,21.0,,145884.0,,4.0,25.0,,
862.0,20.0,Male,79899.0,64.0,7.0,46.0,Clothing,129.9
863.0,42.0,Other,77292.0,73.0,,43.0,Groceries,787.66
864.0,41.0,Male,92371.0,,10.0,,Electronics,594.96
865.0,57.0,,106632.0,26.0,1.0,17.0,Groceries,610.98
866.0,22.0,,48068.0,57.0,2.0,24.0,Electronics,683.02
867.0,68.0,Other,35122.0,72.0,6.0,33.0,Sports,983.84
868.0,51.0,Other,83467.0,83.0,1.0,19.0,Clothing,30.88
869.0,49.0,Female,61376.0,47.0,5.0,16.0,Home & Garden,241.25
870.0,57.0,Other,112212.0,6.0,6.0,44.0,Home & Garden,312.64
871.0,57.0,Female,128481.0,86.0,10.0,40.0,Home & Garden,727.15
872.0,63.0,Male,33546.0,18.0,9.0,31.0,Sports,191.8
873.0,42.0,Female,127546.0,54.0,1.0,,Clothing,484.72
874.0,35.0,Male,121037.0,,1.0,28.0,Groceries,304.08
875.0,25.0,Female,,99.0,10.0,32.0,,472.4
876.0,60.0,Other,120195.0,,9.0,,,600.21
877.0,51.0,Female,127950.0,27.0,3.0,45.0,Home & Garden,
,45.0,Female,51646.0,61.0,5.0,41.0,Home & Garden,246.41
879.0,51.0,Male,80995.0,68.0,,,Sports,863.54
880.0,59.0,Other,97355.0,63.0,2.0,22.0,Groceries,329.18
,47.0,Female,133264.0,93.0,2.0,21.0,Groceries,11.01
,61.0,Male,49557.0,,6.0,12.0,Clothing,678.13
883.0,,Other,97909.0,100.0,1.0,5.0,Home & Garden,439.63
884.0,50.0,Female,59695.0,70.0,5.0,6.0,Clothing,241.99
885.0,58.0,Other,149723.0,70.0,9.0,23.0,Electronics,374.59
886.0,26.0,Other,113532.0,70.0,7.0,28.0,Sports,679.69
887.0,60.0,Male,98882.0,38.0,2.0,28.0,Groceries,940.14
888.0,29.0,Male,149973.0,2.0,2.0,19.0,Groceries,437.1
889.0,33.0,Other,146269.0,92.0,6.0,10.0,Sports,486.86
890.0,60.0,Other,73059.0,77.0,3.0,31.0,Clothing,581.15
,22.0,Other,87909.0,19.0,7.0,39.0,Sports,20.52
892.0,66.0,Other,40932.0,5.0,1.0,48.0,Sports,546.06
893.0,24.0,Female,60763.0,92.0,5.0,29.0,Home & Garden,320.7
894.0,63.0,Other,,25.0,8.0,40.0,Sports,758.1
895.0,27.0,Male,128640.0,3.0,5.0,2.0,Home & Garden,140.52
896.0,53.0,Male,137307.0,34.0,1.0,26.0,Sports,952.12
897.0,32.0,Male,81701.0,96.0,9.0,49.0,Electronics,77.45
898.0,64.0,Other,82140.0,57.0,3.0,7.0,Home & Garden,97.97
,48.0,Male,134463.0,32.0,2.0,7.0,Electronics,
900.0,52.0,Female,41544.0,1.0,10.0,46.0,Home & Garden,720.52
901.0,57.0,Female,135440.0,46.0,8.0,3.0,Home & Garden,442.46
902.0,55.0,Female,72193.0,39.0,2.0,6.0,Home & Garden,
903.0,33.0,Other,106771.0,23.0,7.0,3.0,Sports,609.8
904.0,64.0,Female,122557.0,87.0,2.0,5.0,Groceries,344.59
905.0,64.0,Male,139658.0,77.0,6.0,26.0,Sports,71.97
906.0,25.0,Male,130604.0,100.0,,41.0,Electronics,355.45
907.0,62.0,Other,113706.0,,1.0,13.0,Home & Garden,427.68
908.0,59.0,Other,141567.0,27.0,8.0,30.0,Sports,95.96
909.0,27.0,Female,89618.0,,8.0,12.0,Groceries,831.05
910.0,55.0,Other,45562.0,68.0,3.0,30.0,Groceries,628.34
911.0,66.0,Female,55154.0,93.0,3.0,,Electronics,684.88
912.0,54.0,Male,69676.0,9.0,7.0,30.0,Clothing,
913.0,38.0,,45551.0,100.0,10.0,22.0,Electronics,99.63
914.0,55.0,Male,109314.0,72.0,10.0,47.0,Electronics,438.97
915.0,18.0,Other,69502.0,83.0,6.0,32.0,Sports,236.83
916.0,26.0,Male,131020.0,23.0,7.0,22.0,Groceries,844.88
917.0,49.0,Other,,83.0,4.0,38.0,Electronics,564.48
918.0,36.0,Female,45458.0,74.0,6.0,19.0,Groceries,135.23
919.0,28.0,Other,57107.0,82.0,5.0,2.0,Home & Garden,271.17
920.0,60.0,Other,,84.0,7.0,28.0,Electronics,678.42
921.0,66.0,,122436.0,73.0,7.0,47.0,Home & Garden,666.62
,58.0,Male,105157.0,51.0,3.0,27.0,Clothing,344.39
923.0,68.0,Male,107702.0,73.0,4.0,2.0,Sports,136.03
924.0,20.0,Male,,56.0,2.0,28.0,Groceries,240.93
925.0,53.0,Other,32539.0,22.0,6.0,42.0,Home & Garden,536.06
926.0,39.0,Female,53091.0,41.0,9.0,3.0,Groceries,
927.0,,Other,46368.0,11.0,7.0,17.0,Home & Garden,869.05
928.0,28.0,Male,134592.0,43.0,10.0,25.0,Clothing,557.04
929.0,35.0,Male,48768.0,43.0,2.0,5.0,Electronics,746.74
930.0,42.0,Other,128064.0,8.0,8.0,44.0,Groceries,316.5
931.0,59.0,Male,48329.0,6.0,,26.0,Home & Garden,36.76
932.0,31.0,Other,30969.0,32.0,9.0,11.0,Sports,562.47
933.0,18.0,Male,117893.0,84.0,3.0,24.0,Electronics,413.27
934.0,,Male,138152.0,53.0,2.0,38.0,Groceries,129.08
935.0,48.0,Other,129592.0,2.0,3.0,26.0,Clothing,748.46
936.0,51.0,Male,148784.0,17.0,1.0,50.0,Home & Garden,
937.0,43.0,Female,42201.0,76.0,1.0,50.0,Home & Garden,106.48
938.0,64.0,Other,654980.0,23.0,5.0,24.0,Clothing,351.94
939.0,37.0,Male,70213.0,84.0,3.0,37.0,Home & Garden,785.53
940.0,56.0,Female,,3.0,9.0,25.0,Home & Garden,666.01
941.0,54.0,Male,33706.0,64.0,9.0,1.0,Clothing,371.93
,36.0,Male,33087.0,69.0,7.0,21.0,Sports,651.8
,54.0,Female,140081.0,100.0,1.0,25.0,Electronics,30.51
944.0,47.0,Other,37014.0,76.0,5.0,34.0,Electronics,880.18
945.0,65.0,Male,42779.0,81.0,5.0,38.0,Clothing,594.92
946.0,59.0,Male,149936.0,80.0,7.0,37.0,Groceries,406.6
947.0,60.0,Other,111493.0,40.0,10.0,8.0,Groceries,190.34
948.0,,Other,117520.0,34.0,3.0,32.0,,256.98
,62.0,Other,128667.0,37.0,5.0,17.0,Sports,150.62
950.0,45.0,Other,114390.0,38.0,3.0,9.0,Groceries,663.25
951.0,41.0,Other,134487.0,7.0,10.0,50.0,Electronics,556.1
952.0,29.0,Female,45164.0,54.0,8.0,45.0,Groceries,915.62
953.0,51.0,Male,,43.0,9.0,36.0,Sports,593.92
954.0,44.0,Male,123822.0,20.0,4.0,8.0,Electronics,209.75
955.0,30.0,Male,50661.0,89.0,9.0,22.0,Sports,
956.0,60.0,Other,48802.0,68.0,1.0,40.0,Groceries,296.76
957.0,60.0,Female,56429.0,69.0,9.0,32.0,Groceries,894.95
958.0,26.0,Female,41126.0,37.0,9.0,44.0,Clothing,100.64
959.0,,,99054.0,,6.0,4.0,Groceries,174.22
960.0,61.0,Female,50349.0,76.0,9.0,,Clothing,957.5
961.0,23.0,Female,60808.0,96.0,2.0,12.0,Home & Garden,231.03
,60.0,,985370.0,71.0,9.0,45.0,Groceries,725.67
963.0,66.0,Female,72885.0,1.0,9.0,33.0,,654.48
964.0,26.0,Other,109221.0,91.0,2.0,44.0,Sports,660.05
965.0,49.0,Other,94218.0,4.0,10.0,5.0,Electronics,287.36
966.0,,,133888.0,92.0,10.0,14.0,Home & Garden,628.3
967.0,46.0,Female,67361.0,80.0,6.0,25.0,Sports,350.08
968.0,23.0,Female,,16.0,2.0,42.0,Groceries,626.05
969.0,61.0,Other,38209.0,79.0,8.0,40.0,Sports,724.23
970.0,68.0,Female,40471.0,28.0,3.0,33.0,Groceries,40.89
971.0,,Female,51913.0,14.0,4.0,21.0,Home & Garden,733.63
972.0,41.0,Male,120294.0,79.0,5.0,44.0,Clothing,942.03
973.0,43.0,Male,130645.0,34.0,10.0,5.0,Groceries,833.69
974.0,48.0,Other,,84.0,6.0,41.0,Electronics,711.37
975.0,49.0,Female,79546.0,26.0,5.0,12.0,Home & Garden,935.73
976.0,30.0,Male,54930.0,12.0,9.0,13.0,Electronics,724.88
977.0,37.0,Male,100314.0,71.0,5.0,19.0,Groceries,692.74
978.0,45.0,Female,91381.0,48.0,8.0,16.0,Sports,253.13
979.0,66.0,Female,74055.0,100.0,,17.0,Sports,318.7
980.0,45.0,Female,135047.0,11.0,9.0,42.0,Clothing,422.93
981.0,30.0,Male,117373.0,32.0,1.0,49.0,Home & Garden,129.35
982.0,59.0,Other,87884.0,79.0,9.0,28.0,Groceries,491.55
983.0,68.0,Female,117203.0,76.0,7.0,38.0,Electronics,363.94
984.0,51.0,Other,91682.0,27.0,9.0,,Electronics,990.87
985.0,35.0,Other,82057.0,66.0,4.0,9.0,Sports,683.93
986.0,66.0,Other,78149.0,2.0,10.0,9.0,Home & Garden,579.27
987.0,22.0,Male,80049.0,1.0,10.0,47.0,Sports,16.97
988.0,,Male,148451.0,78.0,5.0,14.0,Groceries,99.19
989.0,26.0,M,45147.0,93.0,1.0,32.0,Home & Garden,750.58
990.0,31.0,Other,45695.0,36.0,2.0,31.0,Electronics,864.67
991.0,21.0,Other,80264.0,41.0,4.0,26.0,Sports,458.93
992.0,53.0,Other,83578.0,97.0,5.0,50.0,Sports,917.08
993.0,22.0,Female,125479.0,57.0,8.0,27.0,Home & Garden,139.75
994.0,29.0,Female,64799.0,42.0,5.0,19.0,Electronics,
995.0,60.0,Male,71923.0,25.0,2.0,40.0,Clothing,986.97
996.0,57.0,Male,112170.0,57.0,6.0,1.0,Clothing,313.64
997.0,23.0,Other,65337.0,76.0,10.0,23.0,Groceries,632.83
998.0,23.0,Male,113097.0,40.0,5.0,42.0,Sports,75.09
999.0,22.0,Female,113695.0,63.0,7.0,44.0,Electronics,505.16
1000.0,36.0,Female,90420.0,7.0,2.0,31.0,Groceries,669.26
